"TimeCreated","Id","Message"
"2026-01-24 1:34:46 PM","4625","An account failed to log on.

Subject:
	Security ID:		S-1-5-21-1317898380-698200277-1557458490-500
	Account Name:		Administrator
	Account Domain:		WIN-MIG6JAL5G4E
	Logon ID:		0x58C78

Logon Type:			2

Account For Which Logon Failed:
	Security ID:		S-1-0-0
	Account Name:		Administrator
	Account Domain:		WIN-MIG6JAL5G4E

Failure Information:
	Failure Reason:		Unknown user name or bad password.
	Status:			0xC000006D
	Sub Status:		0xC000006A

Process Information:
	Caller Process ID:	0x2d8
	Caller Process Name:	C:\Program Files\Google\Chrome\Application\chrome.exe

Network Information:
	Workstation Name:	WIN-MIG6JAL5G4E
	Source Network Address:	-
	Source Port:		-

Detailed Authentication Information:
	Logon Process:		Advapi  
	Authentication Package:	Negotiate
	Transited Services:	-
	Package Name (NTLM only):	-
	Key Length:		0

This event is generated when a logon request fails. It is generated on the computer where access was attempted.

The Subject fields indicate the account on the local system which requested the logon. This is most commonly a service such as the Server service, or a local process such as Winlogon.exe or Services.exe.

The Logon Type field indicates the kind of logon that was requested. The most common types are 2 (interactive) and 3 (network).

The Process Information fields indicate which account and process on the system requested the logon.

The Network Information fields indicate where a remote logon request originated. Workstation name is not always available and may be left blank in some cases.

The authentication information fields provide detailed information about this specific logon request.
	- Transited services indicate which intermediate services have participated in this logon request.
	- Package name indicates which sub-protocol was used among the NTLM protocols.
	- Key length indicates the length of the generated session key. This will be 0 if no session key was requested."
